lat-normalizada,long-normalizada
54.70039132,99.29854029
54.70039132,99.29854029
54.69472754,99.28942754
58.15609611,99.62930401
58.22893079,100
60.91566414,98.54239606
61.35402114,98.34785991
61.72470731,98.1571065
61.91847625,97.93793514
62.17320964,97.75541584
62.48577906,97.63017943
62.68063668,97.52233876
62.79306473,97.45952904
62.88412543,97.40869424
62.96828989,97.36368453
62.88750415,97.40355671
62.90449913,97.39339054
62.9925115,97.34077453
63.17817602,97.23582314
63.36122425,97.13094598
63.66070366,96.96035217
64.09904059,96.72338136
64.38256797,96.62434951
64.53116856,96.5672065
64.69377323,96.49160564
64.68030743,96.49896702
64.74291437,96.46896283
64.72334369,96.48113286
64.69188651,96.4922201
64.68711601,96.49081125
64.69648645,96.48640654
64.70870557,96.47933276
64.71251629,96.47812768
64.72680383,96.47001437
64.75343124,96.42867299
64.75678857,96.42709025
64.48715455,96.37049415
64.61026918,96.33556412
64.78432466,96.26878912
65.06546792,96.15616932
65.47013879,95.99071709
65.98219627,95.79884351
66.47878772,95.58124372
67.01948211,95.34932997
67.54692353,95.1115923
68.01544135,94.91712462
68.4338198,94.72513777
68.80153814,94.55639796
69.10934135,94.41515237
69.30263509,94.32329356
69.48844449,94.23354904
69.75607139,94.10428741
70.07170381,93.95183984
70.4505342,93.76886977
70.95320127,93.55828283
71.47065043,93.32668264
72.02672258,93.07794755
72.5552371,92.8415572
73.02706594,92.63074142
73.47936538,92.42865159
73.82585551,92.27383783
74.11865139,92.14301509
74.21316667,92.02318681
74.41506097,91.95995971
74.63265472,91.91335572
74.74441541,91.86342096
74.86140023,91.81115207
74.9267207,91.78196684
74.98662423,91.75520191
74.96047043,91.70994557
74.97815787,91.70188912
74.98173002,91.69812123
74.93019941,91.70287747
74.91736447,91.70249059
74.91736447,91.70249059
74.91736447,91.70249059
74.91736447,91.70249059
74.91736447,91.70249059
74.91736447,91.70249059
74.91736447,91.70249059
74.89324983,91.70975876
74.87845344,91.70274239
74.90889763,91.68195122
75.04327317,91.65134104
75.12358262,91.58763914
75.30444254,91.50792998
75.47960584,91.416626
75.73571897,91.33242066
75.97445046,91.23916979
76.20885627,91.14333461
76.36794723,91.03009534
76.57222392,90.92066631
76.80502684,90.79542005
76.98534243,90.64315853
77.30969783,90.51670243
77.72794434,90.44335221
77.97321028,90.32692285
78.21572856,90.21334635
78.47899487,90.09149887
78.80807254,89.93372851
79.13466014,89.77931857
79.48469999,89.61427067
79.88698945,89.42458652
80.36471454,89.19329848
80.83145956,88.96576892
81.19057801,88.71482587
81.77552432,88.5187544
82.33704103,88.26492999
82.77791789,87.99787375
83.50171532,87.73845829
83.99712039,87.44046741
84.65769503,87.21591667
85.27365071,86.96393488
85.84088262,86.71948586
86.41811596,86.45598806
86.98706578,86.19267108
87.48145601,85.95626172
87.90382436,85.75608638
88.28464437,85.572938
88.62392456,85.40369464
88.9823964,85.21672332
89.38630112,85.07228967
89.73421448,84.91428001
90.0738394,84.76003459
90.44318592,84.59229071
90.89884716,84.38534583
91.31906194,84.20781861
91.74192645,84.06631118
92.14246932,83.88955162
92.48081152,83.70332009
92.83094794,83.52981655
93.16540473,83.40795909
93.42824425,83.27186767
93.50752219,83.1043339
93.90451297,82.94028981
94.0223342,82.74495734
93.99414958,82.49425183
93.88777513,82.29500231
93.85146124,82.09361127
93.76374784,81.86902268
93.66046805,81.60457658
93.54368299,81.30555057
93.50716856,81.00183744
93.37586631,80.68173703
93.20198096,80.39514643
93.1046849,80.1127135
93.04564665,79.87860435
92.99440831,79.65070981
92.92065268,79.44407408
92.78041642,79.29723149
92.67095206,79.15476924
92.55858787,78.92172148
92.44744476,78.65098363
92.37527212,78.33975086
92.23191201,78.06019536
92.172457,77.81166181
92.18372565,77.60940977
92.1484363,77.45877201
92.06519308,77.3251752
91.97854119,77.14264301
91.97297036,76.9501636
91.8330767,76.70932839
91.70584137,76.4533401
91.52703915,76.16664228
91.37713553,75.8192322
91.24785783,75.46997166
91.09747972,75.15401886
90.89822509,74.81724782
90.82725816,74.5216242
90.75483246,74.23489746
90.63472281,73.93313985
90.50787998,73.61109306
90.37603991,73.30918903
90.25675529,73.0312459
90.18066257,72.79531184
90.11315448,72.59157056
90.04680152,72.41163039
90.00876732,72.27582935
89.95704356,72.17758068
89.93040396,72.08483439
89.89195618,72.00730582
89.77100853,71.93629603
89.74492681,71.87339829
89.73474073,71.86123519
89.74277409,71.86488986
89.77165824,71.87579912
89.7711202,71.87574056
89.7711202,71.87574056
89.7711202,71.87574056
89.7711202,71.87574056
89.7711202,71.87574056
89.7711202,71.87574056
89.64793933,71.69856059
89.65650669,71.59193122
89.61712486,71.48092845
89.59369405,71.35168555
89.57058851,71.21458236
89.47898164,71.09676838
89.4317157,70.99384318
89.38215512,70.9170052
89.3458738,70.86063192
89.30325673,70.81819982
89.25347214,70.79756185
89.16794541,70.77413768
89.21662068,70.74380375
89.21011028,70.72628113
89.20499839,70.71252256
89.11175469,70.67446969
87.85450082,70.70048091
87.25816006,70.68169335
86.56095161,70.70612992
85.82984962,70.73175443
85.11354302,70.7773618
84.49928475,70.78970557
83.98336489,70.80686151
83.46155506,70.80675323
83.09941526,70.82485694
82.74721491,70.83967941
82.46079922,70.83648923
82.30680523,70.82316526
82.17838307,70.81799985
82.09703333,70.81411738
82.065462,70.81537666
81.97797094,70.8137756
81.94211996,70.81224722
81.86963758,70.81161097
81.88431858,70.80896854
81.84529041,70.81047621
81.87373563,70.81349958
81.91322027,70.81469007
81.89421263,70.81291045
81.88933691,70.81088451
81.80306802,70.81421344
81.69716749,70.80652538
81.68820994,70.81036974
81.73802707,70.81374394
81.73439954,70.81837412
81.72368827,70.8248721
81.72619306,70.82794487
81.67419701,70.83026777
81.590241,70.82058716
81.53195018,70.82108972
81.47981274,70.83381967
81.31702439,70.83335911
81.17837984,70.83670826
81.03718162,70.83784928
80.91762416,70.84217167
80.68056596,70.85513654
80.20419562,70.87256896
79.66202143,70.89318204
79.01224112,70.91267001
78.46917732,70.93112375
77.99406068,70.94857815
77.56545022,70.95065149
77.23407631,70.94867328
76.98721208,70.93293035
76.76849906,70.90336375
76.58117425,70.9175915
76.47477334,70.90590449
76.61470183,70.65646807
76.55436316,70.50771251
76.48413923,70.33458629
76.39882249,70.12425099
76.35783708,69.88327219
76.33968769,69.6196075
76.28591928,69.3690312
76.22790947,69.15286657
76.16283476,68.98809589
76.11805751,68.8405743
76.10794947,68.74543559
76.08233729,68.69584902
76.01700453,68.64067067
75.95351973,68.58608728
75.84078825,68.53592549
75.75384611,68.51845229
75.79634675,68.46863924
75.80482313,68.48250691
75.80482313,68.48250691
75.80482313,68.48250691
75.65021522,68.46217969
75.63339674,68.43046809
75.62742881,68.42910573
75.62742881,68.42910573
75.62742881,68.42910573
75.59464596,68.05249034
75.52914384,67.84658852
75.3986685,67.65550486
75.50037477,67.44662749
75.46208486,67.21936383
75.3412631,66.97223457
75.2257414,66.72227685
75.15975364,66.49000711
75.02908191,66.24751575
74.891539,65.97435605
74.79378928,65.70899565
74.68941188,65.47137721
74.5952144,65.24124935
74.47342742,65.04309943
74.38361693,64.86245611
74.28789366,64.71957012
74.22298652,64.61888139
74.16106777,64.54429549
74.15389195,64.49349116
74.10161488,64.4375995
74.10029263,64.39168072
74.07941555,64.34778657
74.02561737,64.32660337
73.99651277,64.33003922
73.9376815,64.33347542
73.92435209,64.32597978
74.02503468,64.31218085
74.01711149,64.29248707
74.01365016,64.28388357
74.01549751,64.28847534
74.01842598,64.29575431
74.01922527,64.29774102
74.01955696,64.29856548
74.01632063,64.2905213
74.02112227,64.30245619
74.02184008,64.30424037
74.02380388,64.30912155
74.02237801,64.30557748
74.01998376,64.29962628
74.02100785,64.30217177
74.02100785,64.30217177
74.01588532,64.28943931
74.01588532,64.28943931
74.01588534,64.28943931
74.01588532,64.28943931
74.01588534,64.28943931
74.01588533,64.28943931
74.01588531,64.28943931
74.01588533,64.28943931
74.01588533,64.28943931
73.99901961,64.24751799
73.9933871,64.24657852
73.9933871,64.24657852
73.99338714,64.24657852
73.99338714,64.24657852
73.99338718,64.24657852
73.99338718,64.24657852
73.9916744,64.22926091
73.99172194,64.22937908
73.98742943,64.21870964
73.98367212,64.20937046
73.9664315,64.16651741
73.9661738,64.16587685
73.89718647,63.99440271
73.84688779,63.8693809
73.79729431,63.74877111
73.7415489,63.61316487
73.68889379,63.48507597
73.69453987,63.41140639
73.8505676,63.28469156
73.85054639,63.1821207
73.81781049,63.09912694
73.80867979,63.03155298
73.83054307,62.94974324
73.84095642,62.86327337
73.82028015,62.75451819
73.82673469,62.7124635
73.76077725,62.68324242
73.75897051,62.68099768
73.75514688,62.68234696
73.75514688,62.68234696
73.75514688,62.68234696
73.75514688,62.68234696
73.656406,62.66934647
73.65784654,62.67031009
73.65784654,62.67031009
73.65784654,62.67031009
73.36241863,62.42699057
73.2446738,62.23956359
73.13816895,62.02848836
73.01820442,61.80097425
72.89251845,61.54433243
72.96130144,61.27176739
72.90498929,60.96565833
72.79068209,60.64979497
72.67400099,60.34304988
72.55005932,60.0424668
72.44074825,59.7410321
72.25942094,59.43527807
72.04875424,59.13452156
71.82860852,58.82420938
71.6984356,58.50446541
71.58798356,58.19339052
71.4463474,57.89623788
71.28267217,57.61315611
71.10627181,57.3702962
70.98283113,57.17288782
70.89440186,57.0314523
70.82900422,56.94480493
70.80115658,56.92283317
70.81118429,56.92001301
70.82972158,56.93103677
70.81708787,56.94466557
70.81708787,56.94466557
70.81708787,56.94466557
70.81708787,56.94466557
70.81708787,56.94466557
70.81708787,56.94466557
70.81708787,56.94466557
70.81708787,56.94466557
70.81708787,56.94466557
70.81708787,56.94466557
70.81708787,56.94466557
70.61244599,56.70851191
70.57708545,56.53823328
70.46814345,56.34236114
70.39807404,56.16630467
70.31750519,56.00452478
70.20212528,55.85733871
70.08265985,55.70424706
69.98307266,55.50146552
69.85636417,55.28477109
69.70855449,55.03348782
69.57541968,54.75458693
69.41181683,54.43742467
69.29402198,54.12971273
69.14824651,53.81375584
68.99298756,53.51328098
68.79508614,53.20383368
68.68720976,52.87390685
68.60574913,52.54939262
68.4766906,52.26379413
68.34285165,51.98760762
68.17774605,51.69108781
68.07187465,51.39689826
67.9372424,51.08777772
67.76529802,50.78298052
67.4720947,50.48967837
67.19934948,50.21914138
66.86226462,49.96500943
66.73021603,49.74291078
66.52730862,49.56747821
66.38275189,49.44404403
66.38665659,49.37816196
66.39925309,49.36123935
66.37552328,49.36110672
66.37482095,49.36302807
66.37482095,49.36302807
66.37482095,49.36302807
66.36820146,49.38188684
66.3515126,49.38249227
66.30535166,49.34784905
66.13716326,49.28750203
66.03625839,49.20635419
65.77070579,49.10004177
65.62658159,48.91185855
65.37031231,48.69941306
65.11905413,48.48975257
64.98988426,48.23546747
64.76247461,47.97918484
64.4755373,47.70655233
64.12945306,47.41487787
63.85859777,47.13417252
63.58206072,46.86766938
63.27564801,46.59885803
63.0268385,46.35067451
62.80978683,46.11906085
62.45595766,45.8975332
62.14414919,45.72533743
61.95216724,45.60503567
61.86675476,45.53452145
61.80380098,45.48144013
61.78271637,45.46878014
61.78139605,45.4803047
61.75453681,45.46150923
61.7002892,45.45786664
61.68977937,45.47130135
61.66488971,45.4735747
61.66565995,45.47417182
61.61780776,45.44206997
61.54596029,45.43653508
61.55185202,45.4374863
61.42015302,45.37339894
61.36895607,45.35993074
61.36368684,45.38297477
61.3580994,45.38006744
61.25415051,45.37999474
61.37207088,45.35763663
61.37142955,45.35951488
61.28714453,45.37936139
61.29479501,45.37992306
61.29479501,45.37992306
61.29479501,45.37992306
61.37919932,45.36365825
61.36766491,45.35391474
61.36521775,45.35433163
61.36521807,45.3543316
61.36521839,45.35433157
61.36521841,45.35433157
61.36521841,45.35433157
61.36521841,45.35433157
61.36521841,45.35433157
61.36521841,45.35433157
61.36521841,45.35433157
61.36521841,45.35433157
61.36521841,45.35433157
61.36521841,45.35433157
61.36521841,45.35433157
61.36521843,45.35433156
61.36521843,45.35433156
61.36521843,45.35433156
61.36521843,45.35433156
61.36521843,45.35433156
61.36521843,45.35433156
61.36521843,45.35433156
61.346763,45.33625819
61.34387373,45.33651939
61.34830102,45.34021398
61.35064373,45.33953624
61.3422024,45.33512481
61.3450954,45.33753902
61.3450954,45.33753902
61.3450954,45.33753902
61.34509557,45.33753901
61.34509557,45.33753901
61.34509557,45.33753901
61.34509557,45.33753901
61.34509557,45.33753901
61.34509557,45.33753901
61.34509557,45.33753901
61.34509557,45.33753901
61.34509557,45.33753901
61.36308082,45.35229928
61.36344096,45.35241009
61.36344096,45.35241009
61.36344096,45.35241009
61.36344096,45.35241009
61.36344096,45.35241009
61.36344096,45.35241009
61.36344096,45.35241009
61.36344096,45.35241009
61.36344096,45.35241009
61.32022213,45.33369298
61.2607827,45.29544482
61.15207618,45.20905867
60.94202216,45.07750887
60.93731848,44.89472109
60.8424902,44.70394245
60.70605162,44.48749686
60.56763625,44.26791512
60.41183902,44.02075896
60.28321449,43.78096573
60.27739958,43.55277162
60.2006541,43.34138186
60.06982711,43.1244108
59.9286028,42.91795086
59.79921096,42.72090296
59.63764107,42.53105895
59.51637961,42.34331354
59.37842517,42.10959491
59.2451075,41.85809881
59.08235368,41.58742131
58.91319654,41.30513731
58.72950655,41.00823278
58.55637919,40.70460009
58.40678334,40.44015449
58.28010056,40.19612751
58.1483721,40.00193422
58.01658176,39.812468
57.90181919,39.63492727
57.78358719,39.45059694
57.67676733,39.27383012
57.60671356,39.08971376
57.5175199,38.87698716
57.41373772,38.64562763
57.37041824,38.38021826
57.42330174,38.08599855
57.5933163,37.78315379
57.87502995,37.50277983
58.20826228,37.21750775
58.76207244,36.9617535
59.38686015,36.6998238
59.9762277,36.43456307
60.58089864,36.17534756
61.17433126,35.91586737
61.72837868,35.6497807
62.32437021,35.37908466
62.88763405,35.12004778
63.41801727,34.85519386
64.01200483,34.59344096
64.60886382,34.32807695
65.18861201,34.06077185
65.76180708,33.80163583
66.28201471,33.5749182
66.76432647,33.38894243
67.12219794,33.24113821
67.31234996,33.15975376
67.44747054,33.11936976
67.51906358,33.08114914
67.46273897,33.0977655
67.42094499,33.11348392
67.42094499,33.11348392
67.42094499,33.11348392
67.42094499,33.11348392
67.42094499,33.11348392
67.42094499,33.11348392
67.42094499,33.11348392
67.42094499,33.11348392
67.42094499,33.11348392
67.5518602,33.08251898
67.54419673,33.07499548
67.55871504,33.06433238
67.61465982,33.06297725
67.61783655,33.06433562
67.55684765,33.04698303
67.55684765,33.04698303
67.57070497,33.04270867
67.56325546,33.04616448
67.56299598,33.04636243
67.54858982,33.02535623
67.54518878,33.0255825
67.57708648,33.0154527
67.57708648,33.0154527
67.57708648,33.0154527
67.57708648,33.0154527
67.57708648,33.0154527
67.57708648,33.0154527
67.57708648,33.0154527
67.57708648,33.0154527
67.69817646,32.98670985
67.69646783,32.98801336
67.69646783,32.98801336
67.69646783,32.98801336
67.69646783,32.98801336
67.69646783,32.98801336
67.69646783,32.98801336
67.64726354,32.92368594
67.64726354,32.92368594
67.60123345,32.90840248
67.54835477,32.90120831
67.5567101,32.8861476
67.57288035,32.88202816
67.61263915,32.8687676
67.64160907,32.86759389
67.64160907,32.86759389
67.64160907,32.86759389
67.64160907,32.86759389
67.65847452,32.81751836
67.79359557,32.72160578
67.98608182,32.59667393
68.26672124,32.45746741
68.72446551,32.26236989
69.13409293,32.06246443
69.62766091,31.851167
70.11684196,31.64335268
70.62435129,31.4069771
71.17540701,31.14190852
71.65673373,30.85331239
72.18491942,30.58210542
72.78106569,30.32911093
73.46650312,30.09569984
73.95713086,29.80837806
74.17357687,29.54008152
74.5288768,29.28395709
74.67159901,29.00630746
74.57970421,28.73480449
74.66525385,28.50251667
74.55283853,28.2713338
74.39555252,28.06156225
74.5088412,27.90644163
74.36064256,27.74543318
74.27189042,27.63121525
74.19928527,27.56549135
74.19662469,27.54222594
74.18264307,27.55547343
74.15876766,27.5523876
74.14747244,27.5481346
74.1474701,27.54895837
74.1474701,27.54895837
74.1474701,27.54895837
73.98297793,27.44056162
73.83328369,27.32296516
73.64027309,27.14581574
73.40939886,26.9380763
73.15851563,26.69629894
72.91464344,26.43354607
72.62324641,26.14115359
72.28554029,25.83985924
71.97173276,25.54273169
71.70991253,25.2373408
71.45462906,24.93295163
71.3735425,24.610955
71.09747911,24.29956556
70.89058981,24.02575532
70.80377758,23.77777354
70.67380624,23.5377913
70.46155427,23.31651078
70.28824537,23.10908198
70.03379369,22.84684476
69.76713508,22.56329221
69.50573936,22.26569673
69.27222241,21.95830484
69.02873772,21.66438098
68.79131563,21.37856449
68.59225706,21.11418945
68.40006766,20.85268543
68.19867115,20.59648294
67.95287329,20.34707357
67.74039699,20.10045041
67.52821859,19.86782129
67.28399551,19.63534912
67.06930905,19.384922
66.83106494,19.11695689
66.53823485,18.81747175
66.30878968,18.52703633
66.03849089,18.21639929
65.79314318,17.90840894
65.55107816,17.59699251
65.28496296,17.26995627
65.0202684,16.97216801
64.71235406,16.6898147
64.50580087,16.43361621
64.34413125,16.2187087
64.18412259,15.98561066
64.09726374,15.79191346
63.90790523,15.6686825
63.84399384,15.59297114
63.83080731,15.5805194
63.82306732,15.59588493
63.82003997,15.59333996
63.82003997,15.59333996
63.82003997,15.59333996
63.82003997,15.59333996
63.82003997,15.59333996
63.82003997,15.59333996
63.82003997,15.59333996
63.82003997,15.59333996
63.82003997,15.59333996
63.67886135,15.43004885
63.68054967,15.40991641
63.67861329,15.41195322
63.65559669,15.4199791
63.65021657,15.4203834
63.65084042,15.42171809
63.65084042,15.42171809
63.65084042,15.42171809
63.65084042,15.42171809
63.53204084,15.42575551
63.51987139,15.42044024
63.51987139,15.42044024
63.51987139,15.42044024
63.51987139,15.42044024
63.51987139,15.42044024
63.51987139,15.42044024
63.51987139,15.42044024
63.51987139,15.42044024
63.51987139,15.42044024
63.56364884,15.42063776
63.55870466,15.39233786
63.50390442,15.32234362
63.48547123,15.20675958
63.37550039,15.05486158
63.20366692,14.8744895
63.02129435,14.63846527
62.56010905,14.38811357
62.56278414,14.12910258
62.69807942,13.87725274
63.01971322,13.63465079
63.31508594,13.40544606
63.74526468,13.21846917
64.24969216,13.06783566
64.69080896,12.90195332
65.20088937,12.76300599
66.17987785,12.66589246
67.09982341,12.60121009
68.01021244,12.5371997
69.00478654,12.46727017
70.03639867,12.39492802
71.0141948,12.3264137
72.03255542,12.25505703
73.01260375,12.18638489
73.88274448,12.14920539
74.65879556,12.0768801
75.48893597,12.01903119
76.29270188,11.95569676
77.13665852,11.8883428
78.0386836,11.82425745
79.02234435,11.75271425
79.93348205,11.69085322
80.8850015,11.62542541
81.81246168,11.56038775
82.73406926,11.48818938
83.68202152,11.41089109
84.65532021,11.33717498
85.62217322,11.27611863
86.63760252,11.20219002
87.68127236,11.11516634
88.69575256,11.04298342
89.70479071,10.98275385
90.75701013,10.91038629
91.75079615,10.83836667
92.78922065,10.76689382
93.78667474,10.7031407
94.77292846,10.63668141
95.71391208,10.57394023
96.62176308,10.51315966
97.37090002,10.45471586
97.97143417,10.40705034
98.48257351,10.38595313
98.73844251,10.35652323
98.8029548,10.34408073
98.85736053,10.343659
98.89348303,10.3441088
98.88681906,10.34610842
98.89213343,10.34300568
98.85312047,10.34252926
98.87558411,10.34155776
98.88121546,10.33948004
98.89978059,10.34426832
98.91371901,10.34441653
98.91371901,10.34441653
98.91371901,10.34441653
98.97386026,10.34438682
98.98151829,10.33875313
98.9671421,10.34019742
98.955231,10.32149914
98.95495774,10.32730726
98.95331083,10.32727325
98.95331083,10.32727325
98.95331083,10.32727325
98.94341481,10.33413577
99.00694208,10.32913707
99.07939472,10.33236467
99.06299874,10.335147
99.06299874,10.335147
99.06299874,10.335147
99.06299874,10.335147
99.06299874,10.335147
99.06299874,10.335147
99.06299874,10.335147
99.06299874,10.335147
99.06299874,10.335147
99.06299874,10.335147
99.06299874,10.335147
99.06299874,10.335147
99.06299874,10.335147
99.06299874,10.335147
99.06299874,10.335147
99.06299874,10.335147
99.06299874,10.335147
99.06299874,10.335147
99.06299874,10.335147
99.06299874,10.335147
99.05853605,10.33346526
99.05724123,10.33364719
99.05724123,10.33364719
99.05724123,10.33364719
99.05724123,10.33364719
99.05724123,10.33364719
99.05724123,10.33364719
99.05724123,10.33364719
99.05724123,10.33364719
99.10574934,10.32337762
99.1129364,10.32677501
99.08193401,10.33556164
99.06196691,10.33624365
99.07202301,10.33153183
99.09157546,10.33725973
99.11792877,10.32834886
99.12522979,10.32214958
99.14728902,10.32012666
99.12432291,10.31175956
99.12718108,10.30563594
99.13529706,10.30044806
99.10899476,10.29899625
99.1198692,10.30495099
99.14390276,10.30477894
99.11876549,10.30531769
99.11188979,10.3018632
99.11631155,10.29288582
99.1324282,10.28991619
99.15815312,10.29243842
99.15445342,10.28975001
99.15379709,10.29345925
99.13999967,10.29147666
99.13288957,10.28606816
99.13288957,10.28606816
99.16805739,10.28350043
99.18659956,10.28340532
99.18798189,10.28677551
99.21051274,10.29033721
99.1840586,10.29144328
99.19317834,10.29496941
99.17502617,10.29272946
99.17502617,10.29272946
99.16957951,10.28065017
99.17008897,10.28422248
99.17721041,10.28824416
99.19934919,10.28801679
99.32616794,10.28168092
99.50281534,10.26724281
99.63734113,10.26138935
99.75200776,10.24213799
99.80518311,10.22389921
99.8834954,10.25742599
99.89617271,10.25649986
99.8995614,10.2562523
99.91667302,10.25500224
99.90241418,10.25604391
99.88596893,10.25724528
99.89022976,10.25693403
99.91722594,10.25496185
99.96397949,10.25154637
99.97046734,10.25126651
100,10.24925679
99.6310787,9.84826911
99.48663809,9.709458845
99.25337239,9.536704073
99.04028877,9.309567075
98.7851464,9.046181138
98.53648521,8.78039427
98.29217256,8.530786516
98.04256906,8.292006662
97.83641197,8.08537336
97.637074,7.910463607
97.55770538,7.779060447
97.48273117,7.709829979
97.46951505,7.674231992
97.42337787,7.622104914
97.40088058,7.58081609
97.32328925,7.536270801
97.32013203,7.493747348
97.28063818,7.47375524
97.23193204,7.457196598
97.14842742,7.438243102
97.12445669,7.407757057
97.05170156,7.394192291
97.04718387,7.370762607
97.05811086,7.342831017
97.08186772,7.326676063
97.03126717,7.308096267
97.01423723,7.304297109
96.95987999,7.300943837
97.03227972,7.305492393
97.03419007,7.306442166
97.03419007,7.306442166
97.03419007,7.306442166
97.03419007,7.306442166
97.03419007,7.306442166
97.03419007,7.306442166
97.03419007,7.306442166
96.86774791,7.292036764
96.86169285,7.291725738
96.86169285,7.291725738
96.87447056,7.282197473
96.87743272,7.283670172
96.87743272,7.283670172
96.87743272,7.283670172
96.87743272,7.283670172
96.89948099,7.296102186
96.96602879,7.297711338
96.99207802,7.273680863
96.91095434,7.208636712
96.85908968,7.0981493
96.67270124,6.966659385
96.54953345,6.832203197
96.57877663,6.703228386
96.48933287,6.573465126
96.37731224,6.450210118
96.29466602,6.359540157
96.25194633,6.30915033
96.25502271,6.307594336
96.26867839,6.315902132
96.25766232,6.316184109
96.25368719,6.315885022
96.24416449,6.312646005
96.24416449,6.312646005
96.24416449,6.312646005
96.24416449,6.312646005
96.24416449,6.312646005
96.27600046,6.304385352
96.24767827,6.274062765
96.15735601,6.198046075
96.03206857,6.078793028
95.87198684,5.914968612
95.68593973,5.721086155
95.50606485,5.500802328
95.3277912,5.282958938
95.15173394,5.062084543
94.9993746,4.81924836
94.84631082,4.554937229
94.71043278,4.285705099
94.60060925,4.027713024
94.45361244,3.756384755
94.2852409,3.474074241
94.14634436,3.210165642
94.02304408,2.977914882
93.89751904,2.787002565
93.73544141,2.620616145
93.68116485,2.478678484
93.62564838,2.370878832
93.52832651,2.275149713
93.4315985,2.189743528
93.35821594,2.116645668
93.31797028,2.057461532
93.29407753,2.014277507
93.24951976,1.973474553
93.20989252,1.938389439
93.20842543,1.898172489
93.19020216,1.868090283
93.15752815,1.833030965
93.09988381,1.771217429
93.00983397,1.680161946
92.92259145,1.558499795
92.90024962,1.447926974
93.00414214,1.371267333
93.04623981,1.305335168
93.05777963,1.262257216
93.06858395,1.216225539
93.0863966,1.178964003
93.12027898,1.131720941
93.15738776,1.070624832
93.19638931,1.00574069
93.2201058,0.930246784
93.24107564,0.8513231781
93.25798092,0.7932319497
93.27912474,0.7361481577
93.2903803,0.6996011218
93.29332617,0.6766438292
93.27256562,0.6565667854
93.25764853,0.6486895259
93.24263599,0.6451986705
93.23128485,0.645787926
93.22161334,0.6480159611
93.18770725,0.6443289128
93.17923275,0.6415913006
93.15827357,0.6342460433
93.15680509,0.6356960114
93.15680509,0.6356960114
93.10986802,0.6399848417
93.10877611,0.6403949113
93.10877611,0.6403949113
93.01510281,0.6319672945
92.98370389,0.6277883116
93.12772342,0.6256889546
93.12874471,0.6199603483
93.12870746,0.6201692416
93.12870746,0.6201692416
93.13293742,0.5964424971
93.13407957,0.5900358814
93.13467268,0.5867090093
93.132902,0.5966411238
93.13017466,0.6119393644
93.13152201,0.6043817817
93.13147006,0.6046731305
93.13213374,0.6009504499
93.13209153,0.6011871748
93.13046786,0.6102946977
93.13207272,0.6012926762
93.14222875,0.5175380524
93.26699828,0.4258429681
93.31002203,0.3203575894
93.30366922,0.2329374752
93.20637806,0.163298291
93.13309139,0.1247688637
92.99365093,0.07863577779
93.05967365,0.03162614787
93.04540308,0.004913018836
92.9753093,0
92.95349661,0.01224218757
91.68552804,0.03526144975
91.08806955,0.07106943739
90.3467301,0.1155008098
89.42662597,0.1651811836
88.41769126,0.1857125547
87.41776355,0.2243031997
86.40542335,0.2705466373
85.3181726,0.3165227436
84.33066446,0.3547035184
83.54361168,0.4122945612
82.8833172,0.4562950796
82.24876716,0.5212674814
81.64092545,0.6408074176
80.98009794,0.7200406713
80.45981826,0.8384922882
80.0520212,0.9578549221
79.60259966,1.182708407
79.33046535,1.349758814
79.16033262,1.454195195
79.05830367,1.516825908
79.34589878,1.605284704
79.2381393,1.607353269
79.13214873,1.608017318
79.24024908,1.643429661
79.24222301,1.654990984
79.24609542,1.677671888
79.24561571,1.674862168
79.2456157,1.674862168
79.24561569,1.674862168
79.2456157,1.674862168
79.24561569,1.674862168
79.24561569,1.674862168
79.2456157,1.674862168
79.24561569,1.674862168
79.24561569,1.674862168
79.24561569,1.674862168
79.28644995,1.785364326
79.28846401,1.790298138
79.28839405,1.790126791
79.29264282,1.800534968
79.29355589,1.802771701
79.29495415,1.806197051
79.29743784,1.812281316
79.30126308,1.821652024
79.30665144,1.834851891
79.29954188,1.817435606
79.29992076,1.818363712
79.29751073,1.812459849
79.29657061,1.810156949
79.30236795,1.824358613
79.29891566,1.81590152
79.2612358,1.792313984
79.25346759,1.782254973
79.25001807,1.777788207
79.25688407,1.786678955
79.15820296,1.802211483
77.91452835,1.821350732
77.63668815,1.842216201
77.42732136,1.853442966
77.1393411,1.869134541
76.81541568,1.88678471
76.44261843,1.889739693
76.17347969,1.887112438
75.80964321,1.894677828
75.37842415,1.9137571
74.92902675,1.941215889
74.38956301,1.991442536
73.9498316,2.020296909
73.49348546,2.046976876
72.99745823,2.080777003
72.40147054,2.120951806
71.81052598,2.15004596
71.18599522,2.194088577
70.51522402,2.239234179
69.78870341,2.288833613
69.01857374,2.339873443
68.23322361,2.386192013
67.47794146,2.442124409
66.75514793,2.498096177
66.042321,2.550090741
65.32065115,2.5918101
64.63764367,2.63843339
63.96995508,2.689754412
63.34547928,2.73795618
62.7801868,2.773536893
62.31229616,2.803794065
61.88176553,2.834944325
61.44963453,2.862834746
61.03616787,2.886592556
60.6398152,2.911867103
60.32613583,2.939505499
60.07767137,2.952517801
59.82783305,2.972945603
59.63958242,2.985979355
59.5328047,2.994401973
59.46259725,2.996861364
59.38322984,2.994226953
59.32427615,2.992968038
59.26265775,2.996005698
59.22134632,3.003844566
59.1977519,3.001129035
59.14453085,3.001332444
59.22103711,3.013928358
59.18245776,3.024166336
59.15897742,3.039847298
59.09306811,3.03254536
59.12775698,3.007703256
59.13571683,2.98782786
59.15128336,2.959405101
59.10838867,2.952648275
59.11417506,2.94653207
59.05750427,2.944473803
58.97463959,2.936119354
58.84829959,2.946298594
58.74705353,2.949895528
58.67564477,2.94874689
58.6146041,2.955164568
58.50837907,2.968316751
58.35506645,2.983013453
58.25424137,2.994093239
58.16487614,2.999523337
58.0753369,3.001699736
58.04075718,3.001460531
57.95079404,3.008270185
57.82573961,3.011157854
57.7321886,3.015660168
57.64930908,3.022659695
57.5497279,3.037017729
57.42972864,3.044792283
57.25271751,3.049999227
57.13954017,3.039751601
56.98980757,3.037133249
56.88146487,3.023433001
56.73500713,3.017042842
56.61975959,3.017364259
56.48143186,3.020597886
56.35564935,3.021741353
56.22666236,3.026409479
56.06568883,3.029328736
55.94128541,3.037564463
55.85130374,3.052506128
55.75399239,3.060862685
55.6259036,3.070044195
55.57060163,3.079900907
55.55067855,3.089962121
55.48379688,3.105025323
55.49988914,3.104236927
55.48660166,3.113219165
55.44420685,3.119383587
55.43245129,3.118741863
55.41439712,3.123917578
55.4467162,3.122405256
55.42524484,3.124094513
55.41925498,3.126973065
55.38953802,3.131137392
55.3854763,3.135994028
55.38316076,3.136535382
55.37576823,3.139954504
55.37576823,3.139954504
55.35384753,3.150151425
55.34493113,3.154506232
55.31312198,3.151347465
55.29812482,3.149668155
55.2879179,3.146620791
55.28945749,3.146033009
55.30168518,3.147216209
55.28794211,3.156124792
55.30211781,3.160563751
55.29185917,3.15824291
55.30357091,3.159660156
55.32681871,3.16035461
55.35362301,3.156175664
55.34568484,3.158021945
55.3487451,3.14968415
55.37053557,3.148546456
55.38250995,3.14173467
55.38188112,3.146066758
55.37474856,3.142104143
55.37665761,3.142340322
55.35410044,3.139166404
55.34582588,3.135753955
55.35642426,3.12695183
55.33130434,3.130692491
55.35738704,3.132819549
55.34340556,3.137356519
55.3898246,3.132343233
55.42661728,3.131987181
55.39012618,3.13823967
55.41518642,3.134213687
55.42304382,3.134289724
55.42757147,3.136688246
55.4449284,3.135711703
55.44678581,3.133933567
55.41301454,3.143260621
55.44564247,3.138539497
55.44082833,3.142236065
55.42122056,3.16116069
55.40248314,3.180815782
55.40762924,3.218111453
55.45401409,3.24642216
55.46722352,3.287536544
55.46434366,3.311768788
55.50814178,3.346583552
55.50754687,3.386427094
55.5042421,3.433587969
55.46103418,3.481084354
55.44707264,3.52928891
55.49148897,3.545516132
55.54869052,3.565803176
55.59838444,3.594491178
55.6424458,3.628630096
55.65482594,3.660403288
55.66793357,3.700267651
55.68652323,3.74269808
55.683327,3.778762699
55.6443254,3.820746058
55.61460227,3.843344375
55.62548652,3.877611701
55.59692604,3.913132952
55.59038387,3.936746607
55.55017129,3.971444206
55.55103122,4.005904737
55.55935662,4.03776504
55.52757806,4.059439173
55.49537089,4.092343201
55.50405165,4.121872932
55.51340898,4.146839804
55.51255657,4.165662091
55.49191652,4.203905328
55.48658473,4.225311273
55.49813524,4.255737348
55.47037445,4.284265945
55.51127197,4.309824934
55.50325064,4.350663708
55.54756646,4.387402691
55.56173546,4.41981112
55.56504756,4.462140531
55.58944496,4.501501879
55.60289088,4.537041538
55.59153784,4.579144292
55.62514867,4.63540456
55.68003895,4.676665638
55.67816808,4.722820057
55.72632285,4.760640117
55.75984175,4.80005158
55.80662977,4.850865283
55.81610901,4.893900061
55.84767225,4.924794132
55.86339406,4.973855103
55.83718557,5.01270013
55.82933833,5.047741454
55.85540103,5.081665722
55.91603348,5.117728853
55.97608519,5.154027851
56.00467251,5.217409022
56.02676756,5.258601775
56.06454486,5.305143281
56.04367188,5.344476072
56.05001896,5.391410557
56.11910042,5.416718069
56.12585945,5.467910314
56.16883397,5.511842388
56.1845015,5.551779356
56.23397166,5.599461641
56.27915156,5.657150325
56.34200718,5.689935584
56.41306351,5.740290184
56.43061332,5.77712523
56.41787198,5.826613876
56.4747222,5.863357147
56.50122534,5.891476504
56.53155941,5.939058748
56.57809548,5.970274638
56.56172743,6.009723738
56.55223899,6.035540613
56.55053457,6.083484471
56.58847669,6.124124714
56.59036729,6.17017911
56.65645184,6.196743196
56.65422424,6.239606275
56.68774791,6.257048961
56.71862705,6.283081592
56.76945331,6.319485991
56.79551258,6.347944389
56.80989664,6.373023762
56.83327135,6.423263331
56.83637578,6.465883965
56.8949448,6.51306561
56.89775631,6.541636285
56.89968341,6.574569991
56.91732483,6.601317997
56.92193202,6.637116345
56.91127987,6.65295663
56.9363143,6.693230803
56.93643004,6.718304039
56.96254837,6.75026571
56.97401482,6.780036663
56.94614962,6.812533102
56.92964199,6.851315702
56.96139402,6.877777895
56.99542093,6.920913485
57.04138569,6.946750279
57.04976178,6.971744423
57.07077037,7.010435768
57.05673692,7.055224266
57.13497694,7.118387255
57.12558773,7.139583012
57.14099229,7.186270526
57.13494575,7.228931997
57.21408807,7.258577077
57.26587976,7.301539966
57.29806054,7.353015675
57.34342806,7.414810744
57.36848405,7.446550728
57.35295128,7.497105413
57.3674369,7.528537399
57.34553444,7.560001938
57.337493,7.598319661
57.34871797,7.624351538
57.3299092,7.657231087
57.32140807,7.692749566
57.32933008,7.729782259
57.31372138,7.765149886
57.32978996,7.794999238
57.3474546,7.826102519
57.35695776,7.86253513
57.37520266,7.889835131
57.37549246,7.917683535
57.40036555,7.9632277
57.41954844,7.989756089
57.49050518,8.032696133
57.53762303,8.064748048
57.57015205,8.084520225
57.57205637,8.112847451
57.59752476,8.149286693
57.6145236,8.183884052
57.62386045,8.205857699
57.61678563,8.232927924
57.66745513,8.269302242
57.69937646,8.309547113
57.74911992,8.339719695
57.74775442,8.367694521
57.75457651,8.388397164
57.78823045,8.419685125
57.79551805,8.451196514
57.80341175,8.485782119
57.80189782,8.523810111
57.8301179,8.558310991
57.83743992,8.591702354
57.88035964,8.643065337
57.89771972,8.688873986
57.9339943,8.737303909
57.98584927,8.792371079
58.04278892,8.835020206
58.06439285,8.885463075
58.08252386,8.930346801
58.13841865,8.976400465
58.17784568,9.011453195
58.20574678,9.053218982
58.22217048,9.090793163
58.26416488,9.141910635
58.30820951,9.159702203
58.33096034,9.195925682
58.40406019,9.219695803
58.41614199,9.262166467
58.38331923,9.305192825
58.36109294,9.345570653
58.38012952,9.399249842
58.39213133,9.424871968
58.38333477,9.459163721
58.37638845,9.49385581
58.39784337,9.528876776
58.41612636,9.564855649
58.45589913,9.596272289
58.48410463,9.625109259
58.503146,9.651036188
58.52947307,9.69902838
58.54128069,9.745322806
58.5489874,9.774917624
58.59306976,9.796618915
58.71092768,9.838585678
58.83192351,9.85290667
58.94057607,9.865117091
59.07696882,9.898635658
59.11114997,9.926697234
59.09104452,9.96608411
59.05334657,10.00154663
59.03031236,10.04681426
58.96789628,10.09986369
59.01253383,10.13673142
58.9918241,10.17338741
59.03707027,10.20549224
59.05341029,10.23567959
59.06499484,10.25967516
59.08564665,10.29566397
59.11446815,10.34227479
59.15020553,10.36589397
59.18388006,10.39186026
59.19166754,10.42502639
59.21799018,10.45189846
59.2507124,10.48237533
59.27085791,10.51710169
59.30085604,10.53457511
59.3651485,10.57850128
59.34957858,10.597284
59.3719794,10.62906228
59.36944244,10.65500921
59.36480964,10.68639608
59.44709497,10.73420829
59.47524621,10.76840518
59.49644473,10.79071601
59.51432992,10.81102407
59.54159568,10.86138068
59.52015502,10.90268479
59.5558813,10.93931287
59.59914283,10.97188116
59.64098485,11.01265605
59.67970318,11.04268851
59.69997802,11.07070217
59.69518182,11.11194414
59.73150685,11.14764003
59.73087597,11.16738391
59.78260504,11.18072752
59.80633612,11.20901407
59.82906027,11.24522174
59.85755847,11.28262567
59.849115,11.31506698
59.9210372,11.34431637
59.96079617,11.37587285
60.02887704,11.39756392
60.09351315,11.43012499
60.17558559,11.45214735
60.21502669,11.46787344
60.23626125,11.4871934
60.27642395,11.52260009
60.29533802,11.54492355
60.3197304,11.57212317
60.34203766,11.5964307
60.35006759,11.63557945
60.35796339,11.65876015
60.35444583,11.69210069
60.36670748,11.73254703
60.34703191,11.74984713
60.38557855,11.78491577
60.38961502,11.81689136
60.42576553,11.84510135
60.46116998,11.86904489
60.47209975,11.89199808
60.49305163,11.92319759
60.5168065,11.95850398
60.52033788,11.98376523
60.52400756,12.00524517
60.50196706,12.04301555
60.52178146,12.07112053
60.52976502,12.10700539
60.50794134,12.14240903
60.51001197,12.17046455
60.51663222,12.20093308
60.49084699,12.22311523
60.52358628,12.25228152
60.53390472,12.28430279
60.53279637,12.30765516
60.51808759,12.34726545
60.55499109,12.38007972
60.59257569,12.40690219
60.65546531,12.42689314
60.6262821,12.43601243
60.67092119,12.45786834
60.69160093,12.49707353
60.75711984,12.52004266
60.76089225,12.55145512
60.76300691,12.58849177
60.80975198,12.61971265
60.85468828,12.67714404
60.8888634,12.71036946
60.92595517,12.73423357
61.00535212,12.77070363
61.07477504,12.7981626
61.12746583,12.81017784
61.16415849,12.838686
61.22799715,12.85298133
61.24735241,12.84220715
61.25356567,12.82618877
61.27047203,12.82103775
61.28293832,12.80480269
61.27019056,12.7995538
61.25151125,12.81339546
61.28388632,12.80823389
61.25239519,12.79621909
61.28115961,12.79122131
61.30692315,12.80260561
61.35226515,12.7982345
61.37539857,12.79853236
61.36345998,12.80276863
61.36042325,12.79734651
61.36042325,12.79734651
61.36299078,12.80067913
61.41132642,12.80345993
61.43040319,12.80919989
61.47025823,12.82137534
61.4911953,12.81688484
61.56663776,12.82362514
61.65521269,12.8305248
61.69326778,12.83667118
61.72370431,12.84328092
61.74189231,12.87558709
61.74369518,12.9185031
61.72258691,12.95526606
61.69611374,13.01021503
61.67121776,13.04067531
61.61475634,13.06974181
61.62359727,13.09722713
61.59065962,13.1286213
61.5161734,13.16125091
61.52599103,13.18261692
61.52766267,13.19671769
61.53961079,13.20632748
61.54061485,13.21441548
61.55240112,13.21804114
61.53361795,13.21930951
61.53163247,13.2218971
61.51466921,13.21479051
61.51884696,13.22014431
61.50091956,13.22107237
61.4842693,13.22207272
61.47844712,13.22196967
61.47844712,13.22196967
61.47844712,13.22196967
61.47844712,13.22196967
61.47844712,13.22196967
61.47844712,13.22196967
61.47844712,13.22196967
61.47844712,13.22196967
61.40742207,13.22967718
61.42371851,13.23371214
61.43344172,13.23262906
61.41741341,13.22985707
61.4231082,13.22873523
61.44320733,13.22965616
61.43073221,13.22674244
61.4329986,13.22793698
61.46604049,13.22624197
61.47651605,13.2298638
61.47127852,13.23240788
61.47837878,13.23338599
61.47837878,13.23338599
61.49165081,13.23790067
61.44203566,13.25150303
61.32668507,13.26936845
61.23968726,13.28257624
61.17047074,13.30189055
61.13384965,13.31388865
61.02086085,13.33780956
61.01067501,13.36505558
60.9894768,13.38226487
60.98869166,13.41710296
60.98218691,13.45334654
61.0426075,13.48539597
61.07363943,13.49321311
61.15380939,13.50485796
61.1760344,13.52630262
61.22632456,13.57165961
61.25795348,13.60390248
61.30985048,13.63320318
61.40699688,13.67169018
61.4769709,13.71603744
61.51721805,13.72741631
61.56595821,13.750032
61.61234473,13.77806221
61.6400318,13.80238727
61.67457817,13.84702211
61.68016278,13.89495484
61.73664962,13.92847169
61.79148214,13.95753542
61.79891459,13.9803387
61.82698122,14.02390322
61.84925689,14.05782682
61.88344133,14.09059108
61.92308296,14.14063207
61.97418976,14.1748183
61.98274838,14.21788182
62.03224769,14.24453897
62.0658688,14.27453521
62.08657733,14.3199953
62.10892358,14.35531145
62.12916471,14.37698781
62.14152972,14.42230404
62.19703707,14.4523771
62.2611457,14.49138314
62.31620356,14.51570191
62.32821299,14.54499082
62.31193651,14.57499183
62.27541556,14.613565
62.22370157,14.63636251
62.25342098,14.67885444
62.17275798,14.70832367
62.18600472,14.75535538
62.17251182,14.80725237
62.16491813,14.8491295
62.19958785,14.88195335
62.23480329,14.90007536
62.26627692,14.92074515
62.28058415,14.95123777
62.36077421,15.00011633
62.40464251,15.02815362
62.45743858,15.04643919
62.54889301,15.08411919
62.60563294,15.12235885
62.62558168,15.16796507
62.73185471,15.21587503
62.76089262,15.25714457
62.85101414,15.30457819
62.94356512,15.35280603
63.00927311,15.40230597
63.05543716,15.45196211
63.09369654,15.49286221
63.12171112,15.52867913
63.18829303,15.55532258
63.17050779,15.59606657
63.16661829,15.62365733
63.15482409,15.65127053
63.16269282,15.67400059
63.14885149,15.69903
63.15609634,15.73765687
63.1666119,15.77477625
63.14597143,15.79932463
63.18596472,15.81827421
63.21847327,15.86618858
63.26314238,15.89686098
63.30222486,15.92269234
63.38700909,15.94915307
63.41045623,15.98972084
63.45671667,16.03640948
63.4647856,16.07263989
63.51995437,16.09725023
63.56130796,16.12274368
63.56170013,16.15301816
63.58564579,16.17533847
63.53963777,16.195295
63.5968199,16.23653456
63.67510108,16.26007617
63.72741719,16.2966897
63.59109314,16.32761816
63.55458661,16.37644933
63.53128481,16.42039198
63.55573319,16.47339412
63.62716694,16.56000019
63.64509139,16.6138793
63.65780732,16.68289585
63.67543614,16.70516214
63.67100025,16.73574237
63.76577477,16.7623842
63.81041074,16.77841614
63.84202777,16.80078774
63.87117833,16.83325218
63.92802437,16.87362427
63.96988212,16.90754566
64.01481162,16.94480769
64.04547773,16.97766791
64.10963121,17.01754372
64.16281456,17.04949967
64.1821174,17.07848489
64.22341289,17.11610308
64.21763721,17.1574743
64.29379691,17.1885569
64.30448438,17.23049934
64.35116507,17.26321789
64.4055296,17.30816046
64.37517414,17.36185475
64.34967206,17.38839035
64.33064277,17.42084945
64.32345714,17.46530812
64.33720639,17.51379929
64.37122142,17.57761932
64.38536387,17.6155107
64.39590509,17.63929563
64.41491319,17.65481002
64.46307879,17.67279949
64.49763689,17.6905763
64.55385509,17.70021091
64.63986025,17.73860518
64.73292177,17.78673646
64.75630059,17.82442637
64.79016741,17.85269735
64.80160961,17.87809624
64.84975201,17.8957217
64.84212369,17.92313326
64.91423593,17.9422472
64.96077623,17.96638211
65.0207657,17.98409671
65.05128331,18.0453077
65.11455961,18.08594439
65.18057566,18.11102673
65.23319527,18.13110986
65.28804915,18.15496495
65.32353924,18.17972689
65.37935647,18.21573228
65.41472747,18.23788098
65.46500271,18.27253873
65.53627949,18.31599544
65.5788451,18.34266337
65.68725687,18.38979946
65.78106192,18.42662129
65.85463738,18.46922401
65.93381137,18.51313309
65.95433458,18.5515908
66.0392236,18.59142503
66.11445496,18.62748162
66.17941694,18.66422217
66.19537325,18.70905815
66.21974268,18.77380511
66.22314956,18.83014055
66.2242718,18.8640352
66.22837,18.90800626
66.27419845,18.9402808
66.29105954,18.97256501
66.31174615,19.01586996
66.33253695,19.05813159
66.37367997,19.11432718
66.37120459,19.16235771
66.37152104,19.20444152
66.36970147,19.24585316
66.37498589,19.28324474
66.38684123,19.31935405
66.38553022,19.34803169
66.36231812,19.36904087
66.35951928,19.39969264
66.33396153,19.4432213
66.28473478,19.47415339
66.1737159,19.51983731
66.07047724,19.55345519
65.9869526,19.5877577
65.88961855,19.60349066
65.77718651,19.62178628
65.69540754,19.63377071
65.61436803,19.64684428
65.4977834,19.65762214
65.42506522,19.67432174
65.34948962,19.68765374
65.28156093,19.70074662
65.19423102,19.7018552
65.08780758,19.70541549
64.97251757,19.71610432
64.89202109,19.72336202
64.74113276,19.74212832
64.59053801,19.76842747
64.46173972,19.7862822
64.31401559,19.79732979
64.22764009,19.79960933
64.08110521,19.80067815
63.92873133,19.81724995
63.77959556,19.82829665
63.63471724,19.85236406
63.48681307,19.86073635
63.36155041,19.88627445
63.16984267,19.90313571
62.99602081,19.91692261
62.86167312,19.93505808
62.69701907,19.94140023
62.55398655,19.94691816
62.46246066,19.95883523
62.29243978,19.96898478
62.17545128,19.9746321
62.0234533,19.98487162
61.84929177,19.98935868
61.70965922,20.00379268
61.59029544,20.01162118
61.51091837,20.0223695
61.407242,20.03877778
61.28494518,20.06769383
61.14124639,20.07929232
61.01732689,20.08543459
60.94330009,20.09509236
60.85512602,20.10312504
60.74176663,20.1219424
60.65951753,20.14065573
60.56964225,20.15843921
60.38215634,20.16679477
60.31545135,20.18151036
60.2372641,20.1836898
60.16361262,20.18810247
60.064906,20.19411735
59.99046118,20.21154609
59.87008007,20.21645646
59.77298718,20.22587165
59.69077094,20.23776576
59.57315434,20.24410987
59.45663358,20.25387705
59.30636721,20.25459937
59.21371576,20.27463589
59.14810621,20.28422164
59.00045402,20.29849351
58.92753249,20.31166748
58.86080041,20.33215686
58.71939376,20.35273939
58.58494018,20.36831417
58.48630283,20.37898047
58.41085261,20.38825695
58.20605885,20.405694
58.09639699,20.37195167
57.94863313,20.34512435
57.82491631,20.31488628
57.69155525,20.3132632
57.58487979,20.31194798
57.4165064,20.31303158
57.32573251,20.31998216
57.26367159,20.33522198
57.14395694,20.3362812
57.05126864,20.3438587
56.97315859,20.35957205
56.90876986,20.37406042
56.91990262,20.36916198
56.95722088,20.36848764
56.92935083,20.36776488
56.51084132,20.35651476
56.89150665,20.37353019
56.87062939,20.37233412
56.86849777,20.38686033
56.83327819,20.39959188
56.82411424,20.40567974
56.76718076,20.41720082
56.7357245,20.42133576
56.77357882,20.42605677
56.71358565,20.41746998
56.72678725,20.4197166
56.73127736,20.42201008
56.71156601,20.42315325
56.71263692,20.42303593
56.70187796,20.42312375
56.69791601,20.43057594
56.71859735,20.44214188
56.73416322,20.45150132
56.74363868,20.4553114
56.74424744,20.45829044
56.75742136,20.46235312
56.75791198,20.46192726
56.75791198,20.46192726
56.75793856,20.47117131
56.76023012,20.47202473
56.76150788,20.47139865
56.76150788,20.47139865
56.76150788,20.47139865
56.76196523,20.47672247
56.7724819,20.44892692
56.79325643,20.47724559
56.80915442,20.50707394
56.89901417,20.57455774
56.91210233,20.58523682
56.93015882,20.60621862
56.9645499,20.62286714
56.96425863,20.6568941
56.96022293,20.69207001
56.92674197,20.71850713
56.87707724,20.72084405
56.78738195,20.72619708
56.69721918,20.72338166
56.55401478,20.72726336
56.38397297,20.73254543
56.24139511,20.73129016
56.09081074,20.73454544
55.99032141,20.73667751
55.86110868,20.74477719
55.69872231,20.75187062
55.61870332,20.76184833
55.47674769,20.7667594
55.37695322,20.77713848
55.24482837,20.79226643
55.23724952,20.80089502
55.13953594,20.80309415
55.02732119,20.81237659
54.94619808,20.82429689
54.77365486,20.83733577
54.64227153,20.85025138
54.52416803,20.86343422
54.40137368,20.87262903
54.26640052,20.86835511
54.1261212,20.88188227
53.9904444,20.88313505
53.85244791,20.90002972
53.73664454,20.90962219
53.60330765,20.91970298
53.47667166,20.93783073
53.32215764,20.945126
53.19613741,20.96506418
53.04555807,20.97031672
52.89731758,20.97628033
52.76807339,20.98664797
52.63240961,20.99210705
52.5016878,21.00083941
52.37895793,21.00834869
52.27144473,21.02197097
52.13223841,21.02509563
52.00764734,21.03768495
51.88748306,21.05059386
51.74465096,21.05020944
51.63393612,21.06135446
51.51380964,21.07002155
51.38711384,21.07854715
51.25227816,21.08754029
51.10992231,21.09284311
50.98977485,21.10780315
50.86844703,21.11891427
50.75966862,21.13125915
50.60919699,21.12699711
50.49998096,21.13547643
50.37948416,21.14604836
50.27097373,21.1623654
50.15822534,21.16749617
50.06790067,21.18240459
49.96413471,21.1939616
49.85426807,21.18945555
49.74612797,21.19617421
49.64475864,21.20433205
49.54294382,21.21912255
49.42001909,21.21982307
49.30741959,21.22758316
49.18650813,21.2262555
49.06182978,21.23204966
48.99055449,21.23023529
48.94190308,21.25135633
48.88275502,21.25419129
48.81558637,21.25866857
48.68399477,21.26098776
48.58661497,21.27852435
48.48476967,21.28977579
48.44236701,21.30529693
48.34259453,21.30923275
48.25422686,21.31808079
48.20007225,21.32414587
48.08357224,21.33720954
48.03248748,21.34807892
47.87824435,21.36344543
47.7364846,21.37510099
47.60973722,21.38150052
47.54649629,21.38852152
47.44703473,21.38814821
47.37038348,21.40261522
47.26921113,21.39779735
47.20823175,21.40350113
47.10595762,21.4045447
46.98753533,21.41265806
46.78383266,21.41661016
46.64358563,21.42719577
46.52638291,21.42731739
46.37882597,21.43621533
46.24938587,21.44948182
46.11828417,21.45199244
45.96758417,21.44891231
45.86227057,21.45853949
45.77679954,21.45881607
45.70643994,21.47137077
45.61496197,21.47426321
45.5020481,21.47872273
45.41997308,21.48324539
45.26078321,21.50094734
45.0851556,21.51242582
44.95175377,21.51841961
44.82291613,21.52723488
44.65444584,21.534148
44.50277964,21.55392403
44.42234413,21.57016795
44.27129897,21.57754307
44.14849757,21.59048139
44.02179339,21.60704373
43.92981385,21.60829827
43.84410829,21.61931902
43.72410932,21.6181308
43.55859198,21.6238672
43.43623835,21.64006798
43.30137356,21.64699454
43.20696232,21.65073296
43.09010411,21.65563419
42.9554148,21.65930755
42.80845302,21.67002519
42.71325358,21.67876047
42.52507104,21.6857791
42.43297365,21.70900698
42.3274597,21.72072373
42.24779483,21.73921454
42.16251587,21.75351935
42.0855978,21.7574875
41.95636347,21.76744739
41.86036202,21.77424553
41.77123274,21.77120135
41.6436171,21.77730449
41.49336369,21.7810162
41.40686094,21.78087472
41.31002689,21.78539508
41.2028643,21.77496952
41.08673277,21.77499615
40.96864086,21.77894685
40.89681999,21.78168178
40.80328773,21.78386623
40.70764727,21.79985109
40.59368939,21.81046991
40.47240803,21.81831334
40.35914176,21.82203771
40.31097297,21.82438862
40.22450968,21.83010977
40.0050969,21.85120607
39.90214748,21.86250359
39.83466845,21.87403874
39.76169666,21.8861215
39.63759772,21.90534638
39.5543254,21.91554484
39.42823233,21.92379184
39.35059439,21.93085776
39.31893971,21.93325647
39.26527444,21.93181018
39.17701321,21.93737872
39.14051913,21.94428011
39.01405191,21.95402396
38.9906755,21.96122825
38.87750419,21.96554328
38.81684307,21.97143817
38.76114213,21.9813746
38.77532512,21.98580527
38.77703355,21.98533992
38.77703355,21.98533992
38.77703355,21.98533992
38.7021687,22.00166481
38.6708597,22.00245759
38.64690108,22.0042503
38.64805041,22.0041628
38.64805041,22.0041628
38.64805041,22.0041628
38.64805041,22.0041628
38.64805041,22.0041628
38.52931831,22.02071954
38.53109413,22.02058435
38.53109413,22.02058435
38.53109413,22.02058435
38.53109413,22.02058435
38.53109413,22.02058435
38.39512169,22.0467388
38.35110072,22.04885273
38.3209199,22.05496741
38.32519604,22.05326907
38.30618733,22.05065722
38.28728289,22.06030526
38.22881549,22.0651439
38.21469161,22.05710246
38.17142138,22.05257442
38.1854018,22.05173185
38.22767117,22.05637792
38.18601377,22.05760433
38.17953295,22.05331782
38.17753428,22.04724055
38.13795522,22.04139603
38.13072783,22.03758259
38.0911667,22.03310201
38.0911667,22.03310201
38.0911667,22.03310201
38.12972721,22.0449484
38.12972721,22.0449484
38.1329971,22.04070258
38.13629998,22.04063623
38.12939311,22.03808912
38.13191158,22.03787723
38.13191158,22.03787723
38.06045856,22.0387391
38.03691107,22.03436119
38.07776754,22.02831465
38.0954509,22.03541918
38.12928567,22.0363702
38.13441825,22.0488376
38.17706544,22.05091443
38.23627229,22.0604744
38.2892733,22.06805625
38.2836973,22.07603798
38.29899768,22.07869841
38.31553915,22.07958222
38.35090127,22.08614688
38.38547346,22.10107848
38.31868132,22.0959867
38.25773467,22.09001921
38.22708398,22.08923219
38.15815725,22.08387114
38.16433888,22.08340053
38.09033571,22.07856342
38.07512753,22.07892303
37.99483449,22.07538284
37.98544952,22.07074467
38.03420863,22.07891916
38.02537033,22.07338681
38.04882272,22.07527992
38.06597384,22.07612606
38.13165671,22.07603553
38.14497652,22.08121966
38.20330344,22.09084887
38.17584895,22.09381371
38.13179469,22.10289796
38.04491459,22.09913772
37.99739589,22.09693106
37.86469192,22.10937223
37.74947563,22.11310779
37.63001519,22.12297372
37.51944949,22.13184969
37.37389534,22.1339939
37.23899519,22.13292102
37.09227268,22.13240491
36.98920031,22.14166626
36.9028793,22.13569209
36.86800274,22.13658111
36.72181793,22.14450265
36.61856512,22.15624698
36.5552544,22.15333747
36.44914223,22.15821839
36.36032278,22.16048297
36.38723239,22.15878573
36.27512085,22.1453513
36.15703294,22.13022587
36.05656119,22.13405648
36.0137861,22.12885876
35.89205687,22.13231143
35.84379337,22.14673612
35.74214414,22.16359549
35.66188211,22.164571
35.60752773,22.19037423
35.475078,22.19621181
35.32209422,22.22185042
35.16763067,22.2434207
34.96142355,22.27399643
34.84788092,22.30088239
34.78905972,22.31467214
34.66113618,22.3250295
34.51480266,22.33878332
34.40406214,22.35465046
34.29252403,22.36369527
34.14574662,22.37909895
34.01464713,22.38995657
33.89680641,22.39824794
33.80487099,22.4075505
33.66096323,22.41482675
33.56141474,22.42531269
33.48040095,22.4404988
33.31246325,22.45027529
33.18202399,22.45212755
33.02011697,22.46046095
32.87743458,22.46737647
32.76772709,22.48434342
32.64875941,22.49791255
32.54153753,22.50656736
32.40265126,22.51455618
32.24884219,22.51446711
32.1122819,22.53353909
32.02994648,22.54049127
31.89498034,22.56102775
31.81042356,22.57098369
31.72195527,22.57752005
31.52774265,22.58514267
31.38604475,22.58591917
31.27700311,22.58892899
31.19717809,22.59856472
31.0695485,22.59829249
30.96403317,22.61009715
30.86177868,22.618326
30.75574645,22.62391232
30.61262861,22.63087136
30.53430362,22.63711884
30.43982403,22.64452127
30.37606058,22.64955479
30.30407552,22.6548266
30.14621038,22.67366509
30.07243997,22.68389774
29.96831239,22.68858848
29.8585804,22.70032543
29.75634803,22.70478577
29.65105826,22.71524727
29.54396475,22.73411477
29.41947252,22.74678361
29.31610825,22.74575603
29.20786202,22.75420411
29.05948182,22.76171287
28.9519432,22.77398383
28.84962213,22.7777309
28.72493349,22.77871127
28.49809878,22.77630487
28.37765837,22.79551322
28.22235782,22.80809816
28.07396763,22.82138899
27.93068725,22.8232465
27.76882663,22.83189822
27.64128018,22.85297685
27.53694321,22.8720502
27.46613582,22.8860923
27.39908267,22.89270981
27.36732683,22.89546304
27.34373699,22.88501498
27.33273222,22.88594145
27.28788944,22.89260081
27.29511811,22.89067989
27.29511811,22.89067989
27.21111281,22.8786787
27.20465858,22.87465987
27.18922412,22.87201308
27.18205181,22.86961949
27.16790397,22.8683713
27.14701968,22.86852415
27.12412976,22.87016332
27.10511552,22.86517799
27.14637203,22.87507126
27.20506132,22.87532007
27.19168443,22.87082693
27.13897779,22.86850527
27.1533294,22.87324273
27.14245416,22.872907
27.15440031,22.87166578
27.15440031,22.87166578
27.14494693,22.86225228
27.18411326,22.85794881
27.20771107,22.85327621
27.22939923,22.8428958
27.22878447,22.84307438
27.23458021,22.83696883
27.23458021,22.83696883
27.19668772,22.84014279
27.19925473,22.83940053
27.21315181,22.84412653
27.20983564,22.84705838
27.23940901,22.84736274
27.29985888,22.85029947
27.22127381,22.85789235
27.15519352,22.86267217
27.04286261,22.8630734
26.88559774,22.85529991
26.76588219,22.85975579
26.65843928,22.86582064
26.58448755,22.88180017
26.46590543,22.89254105
26.44583236,22.89689822
26.34762281,22.90240924
26.28607513,22.91063447
26.18138895,22.91687441
26.08398789,22.92188263
26.02878602,22.92309009
25.96593315,22.91301068
25.87721749,22.9140324
25.84038862,22.92484948
25.78292101,22.9209496
25.69790558,22.92614826
25.5985449,22.92410373
25.51644294,22.93225608
25.47964186,22.94793147
25.4153312,22.94854249
25.3107226,22.9609385
25.18960749,22.97328738
25.08195152,22.97835964
24.96804902,22.9933922
24.84975805,22.99598307
24.75098726,23.01054222
24.58033763,23.02261599
24.42550881,23.04029522
24.28428587,23.06061676
24.12578032,23.06639918
23.92586972,23.06717518
23.73417006,23.06889405
23.54773286,23.07122034
23.39311483,23.07759945
23.26932318,23.10349214
23.13664705,23.11393318
23.05657538,23.1157383
22.9702014,23.12551102
22.86785714,23.13300849
22.77082327,23.14095121
22.61995545,23.15045916
22.48742785,23.1525021
22.38031379,23.15762851
22.29160932,23.16513337
22.23626653,23.16982207
22.17401033,23.1850248
22.10139863,23.19056583
21.9589914,23.19987905
21.81101214,23.20692082
21.68909451,23.21057152
21.55236921,23.2184595
21.47160925,23.22352618
21.38777962,23.22898568
21.20625067,23.2286571
21.13950091,23.23968915
21.04485474,23.25053416
20.95064603,23.26586304
20.83921597,23.28045285
20.66547752,23.28262112
20.56457442,23.2957942
20.43976851,23.30192716
20.34916837,23.30896318
20.25999908,23.31325392
20.16773477,23.33010029
20.01831835,23.34690141
19.86988279,23.36475557
19.74791569,23.37404351
19.61458254,23.38424078
19.47918134,23.39433264
19.30954748,23.40956933
19.24424185,23.41803685
19.13044885,23.42687779
19.00758694,23.43734455
18.8931294,23.43435572
18.75883799,23.43344821
18.63141183,23.44050089
18.49480821,23.44412901
18.39804685,23.45743181
18.24743639,23.46506536
18.10884232,23.46740251
17.95884707,23.48250377
17.83389089,23.48761432
17.69001487,23.48722433
17.57776453,23.49716348
17.53603223,23.50627642
17.45601954,23.5167308
17.3858031,23.521848
17.29522174,23.52128123
17.20507498,23.52681556
17.09397199,23.53815351
17.01255426,23.54975566
16.93091006,23.5634254
16.80721957,23.57124883
16.71401697,23.58168798
16.59260095,23.59939043
16.45958879,23.61729264
16.3585264,23.63367184
16.21496717,23.64760333
16.08304439,23.65623886
15.91149587,23.66548181
15.77558463,23.68133083
15.65145837,23.69078902
15.56265717,23.71299738
15.4444606,23.72038448
15.36390309,23.73133793
15.23483758,23.73095671
15.13467001,23.73735982
15.03303874,23.73982994
14.91082214,23.74208528
14.80633031,23.74227266
14.74654817,23.74343838
14.62271164,23.73765237
14.67462776,23.73285002
14.66173885,23.71949901
14.60848606,23.70852223
14.49324418,23.70700115
14.43727334,23.68770826
14.3584344,23.69397427
14.20574663,23.69261014
14.04353498,23.68196708
13.89506926,23.68566175
13.69022008,23.68179273
13.57603955,23.68131485
13.42971745,23.67439872
13.26479289,23.67633402
13.10233858,23.69646796
12.96111959,23.71564085
12.86176439,23.72471404
12.80217973,23.75420506
12.75155137,23.78387642
12.68356984,23.80617182
12.54806918,23.82418575
12.37421172,23.82679261
12.26097125,23.84347703
12.08654648,23.85873464
11.88728892,23.86131472
11.77297007,23.87184107
11.67395582,23.8840391
11.55483006,23.90332532
11.47474412,23.91937065
11.453257,23.92863768
11.4377578,23.92120243
11.37009139,23.92504531
11.28399446,23.92466599
11.21124371,23.92443638
11.11534893,23.93012912
11.03569548,23.93761209
11.04346943,23.93978445
10.96409757,23.95336962
10.87669089,23.96820872
10.82539606,23.98440892
10.77388953,23.98404247
10.72598178,23.98260378
10.659372,23.98614085
10.52963584,23.97482691
10.463188,23.96956108
10.40009892,23.97714371
10.31641694,23.9727999
10.24667799,23.9699641
10.18146575,23.98232326
10.0904825,23.98636287
9.954176192,23.99316419
9.852130834,24.00328857
9.771162548,24.01525387
9.694626984,24.03200309
9.638849686,24.03845257
9.573474298,24.04721396
9.46458312,24.05543311
9.411583612,24.04995054
9.307183622,24.05624278
9.222675269,24.0418256
9.075203443,24.02679944
8.982731929,23.99706667
8.928197321,23.97634982
8.817444966,23.9888136
8.729454036,23.98480728
8.659964673,23.97706557
8.500898974,23.95798728
8.317877856,23.92155339
8.179785652,23.90639787
8.084672706,23.90363661
7.931928793,23.89622693
7.827093294,23.89634845
7.76489842,23.90893978
7.612626652,23.90645247
7.528168811,23.90205962
7.410467274,23.90308022
7.255353064,23.90696312
7.170608949,23.91892741
7.084897692,23.94030105
6.918514285,24.03700018
6.802862587,24.07093027
6.731385776,24.10113644
6.657226024,24.11833973
6.572793196,24.13918803
6.413683334,24.1566212
6.272649119,24.17970001
6.154672761,24.19518688
6.069287092,24.20924854
5.991715798,24.2248936
5.896228599,24.24479385
5.777811286,24.25633829
5.751950196,24.27144152
5.633756812,24.28551561
5.539263276,24.30831717
5.469719797,24.31466938
5.269443694,24.32357448
5.140360458,24.32679311
5.146247189,24.31652893
5.093564952,24.32695269
5.017547527,24.32840184
4.96705297,24.3266805
4.901766909,24.32626107
4.849028171,24.3184848
4.824724494,24.30708271
4.743364928,24.31092196
4.671314106,24.31725881
4.579638501,24.33400586
4.496465473,24.34777078
4.430536825,24.32947524
4.373858209,24.33116938
4.261206375,24.3436845
4.104046389,24.37754137
4.013659209,24.39787352
3.92733155,24.40981331
3.897371052,24.42154445
3.84376391,24.42900215
3.768919559,24.44190066
3.667069112,24.45358833
3.497383325,24.47204284
3.359215152,24.48205688
3.196221254,24.49291204
3.052830097,24.50700091
2.89373596,24.52292431
2.82223716,24.52414084
2.652492959,24.52584711
2.52924211,24.53732355
2.421795894,24.5440018
2.295278382,24.54799331
2.173948488,24.55822928
2.13398293,24.58890667
2.019071532,24.61855749
1.954936089,24.63801874
1.832726924,24.65343142
1.761900899,24.67250901
1.631463477,24.69487245
1.508756127,24.71641458
1.450073965,24.72788563
1.408011679,24.73712023
1.275989617,24.74897949
1.141702188,24.76892471
1.084710894,24.77996055
0.9878276137,24.80191931
0.928270469,24.81007413
0.8812270625,24.81788595
0.8145485637,24.8297948
0.6873163547,24.82055827
0.6003524205,24.82836572
0.4161336457,24.8344583
0.2912875831,24.85163091
0.1492407565,24.87600154
0.08173400896,24.90524577
0.01955694963,24.93896247
0.03473781694,24.97437051
0.003346136583,25.00232885
0,25.0446002
0.03251088683,25.07154249
0.02574852809,25.09216361
0.02381348485,25.12629244
0.03800532513,25.15258346
0.01423537145,25.18284721
0.03064751595,25.22522315
0.02863470544,25.24310793
0.04598681442,25.28167238
0.05069057562,25.31902723
0.06650264193,25.35196848
0.0623556516,25.38519506
0.1181123697,25.41578722
0.1364671268,25.4470729
0.1284295703,25.49034863
0.1604821493,25.54126389
0.1651768357,25.58435085
0.09652848675,25.63541392
0.09177757918,25.68825323
0.1337185239,25.72605722
0.1347336043,25.76879941
0.1238545345,25.81082645
0.1126380296,25.85207758
0.1001385267,25.88794121
0.1064742348,25.91803295
0.07084765563,25.95645652
0.06276748739,26.00583718
0.08057874769,26.04167358
0.08552837506,26.07248263
0.03941719911,26.09701555
0.02965671625,26.13547963
0.06433454816,26.17672253
0.05243305063,26.21410515
0.09329940245,26.26500489
0.105720677,26.29101813
0.08212043652,26.33138019
0.0868378629,26.36471679
0.07321118847,26.40302323
0.05087847191,26.44723432
0.03835811575,26.48315606
0.03076904718,26.5121835
0.01572426936,26.54155959
0.004526931716,26.54220823
0.0452775189,26.5604938
0.09352048613,26.59324196
0.1564847109,26.63540075
0.1923871931,26.65588252
0.1960892975,26.69469361
0.2097974376,26.72672305
0.2365112208,26.76110477
0.2757644318,26.80774
0.3002030119,26.84324402
0.3300386798,26.86603774
0.349519942,26.89735274
0.3779060926,26.92181382
0.4031730692,26.95802743
0.4403445568,26.98920263
0.4696255762,27.02575597
0.5066469967,27.05313375
0.5543117939,27.07889341
0.6070599458,27.11452651
0.6415509505,27.16300297
0.6753523632,27.18410024
0.7020182717,27.23118059
0.7953041337,27.26817402
0.8715490701,27.28976069
0.8692229876,27.33112416
0.8896354812,27.37230098
0.9180990026,27.3949744
0.9656490547,27.42836718
0.9906301704,27.46614388
1.0114236,27.50518026
1.039703363,27.5377775
1.056862894,27.58235603
1.059730476,27.6148787
1.068645064,27.64670901
1.066512556,27.68476055
1.097447245,27.72951358
1.076633254,27.76972825
1.106699616,27.83411034
1.111784068,27.87983724
1.073051316,27.91117272
1.007396259,27.94830351
0.998740078,27.98495888
0.9873441764,28.00650873
0.9619460644,28.02471394
0.9662111125,28.04238688
0.9523808641,28.06956982
0.9799363781,28.10740166
0.9730912978,28.13484969
0.9617717652,28.16870242
0.9786836168,28.19517177
1.036372869,28.23835223
1.049016021,28.27601052
1.060476381,28.29781781
1.081045743,28.32438436
1.126887696,28.34466753
1.126116659,28.37295842
1.135275657,28.41485744
1.163555968,28.46098936
1.221901457,28.49239074
1.235072341,28.54208975
1.276276576,28.58249772
1.319273009,28.62311962
1.336786114,28.65610261
1.357691645,28.68095122
1.37191492,28.72663562
1.401642408,28.7570372
1.330729127,28.79811377
1.381170367,28.84625563
1.359147126,28.88864525
1.297198201,28.940073
1.240119345,28.98256637
1.230307593,29.01804506
1.198458775,29.05239076
1.140301356,29.08528483
1.080176518,29.1285867
1.033125731,29.17043264
0.9847650513,29.22021715
0.9543886062,29.25136809
0.937771685,29.28906699
0.9858910775,29.32488142
1.05311861,29.33934251
1.079651962,29.36380068
1.102794182,29.41270134
1.019683583,29.44992847
1.088199659,29.48508863
1.014741238,29.52311153
1.053094995,29.55249741
1.028042524,29.56810625
0.9631215231,29.60215916
0.9924116357,29.62723648
1.020539182,29.65499029
0.9500389667,29.7019392
0.942659398,29.74830679
0.9469666038,29.78183447
0.9231026094,29.81256974
0.9265847514,29.83813614
0.9736738814,29.86278322
0.9976904446,29.87431462
1.049317309,29.91590512
1.129142157,29.97658354
1.223471467,30.01340727
1.254734968,30.0582562
1.389544502,30.10617759
1.360273535,30.12228801
1.429223323,30.15133698
1.441031101,30.18195387
1.488656545,30.20107681
1.534344442,30.23000085
1.538063197,30.26177106
1.550824745,30.29702432
1.553304519,30.33467771
1.477359213,30.38008214
1.447260013,30.41750254
1.345671279,30.45511315
1.26922526,30.5043467
1.253322971,30.54622185
1.258073006,30.57916248
1.277928716,30.61736911
1.293469427,30.65136009
1.305084689,30.67614424
1.293576275,30.70510221
1.292404076,30.72873871
1.278565083,30.75354249
1.280339164,30.78417013
1.278243747,30.80720676
1.230805693,30.85270597
1.258267548,30.88557076
1.285601159,30.92821127
1.339752777,30.96984379
1.463240932,30.99452668
1.529644586,31.02981872
1.574562791,31.06387051
1.589533121,31.10018687
1.655560075,31.1296967
1.68097394,31.15889141
1.729180735,31.18818129
1.767117961,31.21042
1.81841617,31.23607965
1.860109645,31.26556918
1.890314549,31.27881186
1.91235816,31.2803905
1.961052766,31.29959831
1.996629217,31.32577628
2.048345464,31.37798925
2.08162275,31.41535112
2.084670779,31.45904284
2.158270216,31.46911965
2.18983186,31.49882609
2.217927678,31.53218556
2.214430031,31.57141542
2.225310277,31.61626607
2.261471586,31.65280714
2.279910852,31.68753264
2.278718868,31.7335391
2.334325536,31.76892097
2.33714466,31.80488952
2.368541665,31.84162234
2.361615488,31.89237433
2.362456423,31.92938624
2.310174001,31.97776234
2.363832445,32.0126973
2.398790429,32.0536892
2.503355976,32.09461259
2.518073274,32.13425366
2.545166334,32.15637067
2.5791398,32.19583303
2.625966784,32.22988688
2.669842143,32.27122504
2.642750623,32.32000234
2.669941794,32.32840652
2.685159613,32.36650946
2.704921788,32.38940746
2.653808215,32.43333305
2.677721275,32.47208926
2.691530167,32.51390767
2.722302001,32.53380896
2.710854561,32.58588286
2.727144959,32.61799804
2.717013027,32.65014434
2.75787144,32.674785
2.750445443,32.70657883
2.759341618,32.75277841
2.783509494,32.77791287
2.723241806,32.83200672
2.753409987,32.8793131
2.865123764,32.90741444
2.947196954,32.94130161
2.967972657,32.97323513
3.003003339,33.0112001
3.047705044,33.03981416
3.048908042,33.06629937
3.100814065,33.09765149
3.141449484,33.11468085
3.140111396,33.13693411
3.136612583,33.15266504
3.180893758,33.18027417
3.204742615,33.21006299
3.247317543,33.238849
3.240717163,33.27152224
3.321293937,33.27660102
3.369705329,33.29367713
3.40800641,33.30745561
3.486481001,33.30913592
3.607399124,33.31995884
3.530283305,33.3316593
3.502457134,33.36438806
3.521731797,33.40632821
3.479883873,33.43856325
3.463286105,33.4560138
3.465978762,33.46882092
3.44422683,33.48332024
3.416810285,33.50948547
3.367943567,33.53309047
3.310386222,33.55829546
3.246852813,33.58224162
3.152184574,33.61284579
3.067374615,33.65310918
2.953437945,33.69238139
2.900156924,33.73022204
2.797232165,33.77351438
2.671768289,33.81315277
2.646870714,33.84139897
2.419717638,33.88398135
2.397794035,33.92446629
2.28429933,33.96784176
2.173451803,34.00428793
2.122361667,34.03427035
2.033972565,34.0765772
1.877714148,34.11392465
1.83027875,34.16143905
1.794365961,34.19549262
1.812974224,34.23374648
1.873779999,34.26787698
1.920960549,34.29873651
1.962227155,34.34493406
1.964041281,34.38880692
2.018853586,34.4164061
2.068667545,34.45422031
2.078936993,34.49309092
2.102260647,34.52408672
2.075638098,34.55996525
2.075646692,34.59496386
2.108131408,34.62354101
2.373505732,34.6605583
2.632192064,34.69394834
2.738754733,34.72538359
2.815165485,34.75247154
2.753366351,34.80337108
2.691965752,34.85780256
2.684043916,34.89404254
2.706371716,34.91735443
2.68675527,34.96047897
2.700700185,34.99131124
2.697442517,35.02376868
2.669533975,35.04656401
2.653164313,35.06602203
2.653848469,35.09324769
2.624318408,35.12060337
2.63812701,35.13357918
2.654310852,35.15669452
2.615010984,35.17605017
2.621580825,35.20853127
2.617528906,35.23268413
2.574586798,35.27010107
2.566704189,35.30853317
2.552833889,35.34062613
2.560400239,35.35947081
2.550179137,35.35278164
2.581013292,35.34353766
2.599372512,35.34501798
2.600078295,35.34427165
2.561822348,35.36621246
2.544640425,35.36672399
2.556272609,35.39472952
2.648578097,35.42731584
2.612910395,35.46999692
2.444924216,35.50477
2.404705404,35.54369318
2.179243791,35.60070264
2.095948172,35.6365697
2.093742261,35.67024383
2.115212235,35.70297554
2.092123028,35.72699028
2.074529585,35.75983134
2.120584858,35.79496773
2.162509545,35.83249668
2.192474449,35.87278514
2.228377518,35.89292842
2.280968205,35.92794907
2.335819934,35.9601455
2.395348833,35.98795488
2.455519228,36.03477112
2.447584836,36.06132193
2.397022137,36.09493681
2.308082666,36.1345202
2.338656796,36.17291647
2.353632617,36.2205103
2.333918831,36.25043098
2.209836269,36.2983976
2.206645204,36.33407626
2.211094123,36.37066901
2.222441211,36.40298781
2.224064895,36.42806416
2.276807366,36.45351303
2.317926498,36.4819899
2.288899298,36.51674744
2.323940524,36.549092
2.32382482,36.56333689
2.373019237,36.5821497
2.433860496,36.61322874
2.491428164,36.63392686
2.501828852,36.66960865
2.485727548,36.68928283
2.578137085,36.69080197
2.648468572,36.72144955
2.667927734,36.7676039
2.685733374,36.80520166
2.69011041,36.82320382
2.716503441,36.85065888
2.690899199,36.88435106
2.654659549,36.91832813
2.646233134,36.95337146
2.650093455,36.99209569
2.622900161,37.02712125
2.608672885,37.06244997
2.585609067,37.09845048
2.59222683,37.11758519
2.489701333,37.15775042
2.537773827,37.19261531
2.5270031,37.22449266
2.539581251,37.24431357
2.59557957,37.26553137
2.533847552,37.30846319
2.565851444,37.3376827
2.493363186,37.37513776
2.481569141,37.42704704
2.48723741,37.45466242
2.38081835,37.5012715
2.218241397,37.54287103
2.096389046,37.58120015
1.971641685,37.63080874
1.88088332,37.6748493
1.728970676,37.72079296
1.635153908,37.75695899
1.546433257,37.79514515
1.553597101,37.82014018
1.542342127,37.86082093
1.41813019,37.8976078
1.383207992,37.92820396
1.235444587,37.96307658
1.19783525,37.9799027
1.1204426,38.00601251
1.021288305,38.0389212
1.004695316,38.07896585
0.9649536261,38.11059855
0.9394628515,38.1316997
0.9383904711,38.14237799
0.9477957013,38.16786592
0.9066748005,38.19498247
0.9697027186,38.21898462
1.050344394,38.25036469
1.143921066,38.28314452
1.20269298,38.32225543
1.271525331,38.34990566
1.250744487,38.38144477
1.301856517,38.41933646
1.363690869,38.4597177
1.312627758,38.49431245
1.287394441,38.5287457
1.274867261,38.55516731
1.261206929,38.58757417
1.334469182,38.60938263
1.393684441,38.63437564
1.456754177,38.65418641
1.517201051,38.68256007
1.649030353,38.72141866
1.6290973,38.76419796
1.591625093,38.7921787
1.504171225,38.82930691
1.442590713,38.86580468
1.481168886,38.89973083
1.476204366,38.92596189
1.465302209,38.94118755
1.39813042,38.96005924
1.374637335,38.9842714
1.32463822,39.01323798
1.276578383,39.04688329
1.293476968,39.08116561
1.261615033,39.12436033
1.260841796,39.1564213
1.278488666,39.1825697
1.327633491,39.18933567
1.251066112,39.21061347
1.245709607,39.23865858
1.251176841,39.25049239
1.292267692,39.28155995
1.285737267,39.30548547
1.278001943,39.31749651
1.319040341,39.33161743
1.328212492,39.37312617
1.368773796,39.39832171
1.418969227,39.43570795
1.408341223,39.45820455
1.406660618,39.46865111
1.415934562,39.49202184
1.450551794,39.51077393
1.570444687,39.52287835
1.597889386,39.53535849
1.614797377,39.54437211
1.69260198,39.55284113
1.757943473,39.55132054
1.736467157,39.53135755
1.846644016,39.53094607
1.873724946,39.53543893
1.859324449,39.53726418
1.856964653,39.53604342
1.887662989,39.5432481
1.919964762,39.54106786
1.898096145,39.53624862
1.878922313,39.54302759
1.90602218,39.54941709
1.902952619,39.5541067
1.904742607,39.55437691
1.904742607,39.55437691
1.904742607,39.55437691
1.904742607,39.55437691
1.904742607,39.55437691
1.976422688,39.6148752
2.005324474,39.61926639
2.045783141,39.63158537
2.057900756,39.63383807
2.067695896,39.64236901
2.110439766,39.65798812
2.134396236,39.66470827
2.154877241,39.6700678
2.155133073,39.66411917
2.190008184,39.66800667
2.20110038,39.67031458
2.199364121,39.65955867
2.173167125,39.65390215
2.141076537,39.64555074
2.133910172,39.64199336
2.133741474,39.64184027
2.127113827,39.63859925
2.118073023,39.6412677
2.094730734,39.641207
2.094103104,39.64052264
2.094103104,39.64052264
2.094103104,39.64052264
2.094103104,39.64052264
2.094103104,39.64052264
1.959358391,39.64941832
1.986516519,39.64889796
1.986516519,39.64889796
1.986516519,39.64889796
1.986516519,39.64889796
1.986516519,39.64889796
1.986516519,39.64889796
1.986516519,39.64889796
1.986516519,39.64889796
1.986516519,39.64889796
1.986516519,39.64889796
1.986516519,39.64889796
1.964767838,39.64717688
1.973315604,39.65209086
1.972996492,39.65116246
1.981577273,39.64939603
1.981577273,39.64939603
1.981577273,39.64939603
1.981577273,39.64939603
1.981577273,39.64939603
1.981577273,39.64939603
1.981577273,39.64939603
1.981577273,39.64939603
2.197255038,39.67490961
2.219467909,39.67277176
2.22729431,39.67240273
2.22729431,39.67240273
2.22729431,39.67240273
2.22729431,39.67240273
2.22729431,39.67240273
2.22729431,39.67240273
2.22729431,39.67240273
2.22729431,39.67240273
2.22729431,39.67240273
2.22729431,39.67240273
2.22729431,39.67240273
2.140368431,39.69946127
2.140231612,39.69935086
2.140231612,39.69935086
2.289553092,39.70243836
2.293915589,39.69445485
2.297239205,39.69389478
2.297239205,39.69389478
2.252619306,39.71553056
2.294927521,39.71984336
2.294927521,39.71984336
2.353523511,39.73094969
2.364966503,39.72879701
2.345968899,39.71902713
2.36832098,39.72111305
2.36832098,39.72111305
2.367405444,39.72216431
2.401196658,39.71452623
2.400109121,39.7136486
2.400109121,39.7136486
2.400109121,39.7136486
2.400109121,39.7136486
2.400109121,39.7136486
2.400109121,39.7136486
2.263359165,39.68050675
2.264482856,39.67996493
2.264482856,39.67996493
2.264482856,39.67996493
2.264482856,39.67996493
2.195541337,39.65729046
2.20237426,39.65773721
2.202165582,39.65715193
2.217041014,39.65232674
2.170806359,39.64068034
2.15051475,39.64020828
2.151340322,39.6396601
2.151340322,39.6396601
2.151340322,39.6396601
2.22545103,39.65481663
2.22545103,39.65481663
2.322194543,39.67155146
2.355552347,39.68052393
2.361726433,39.68335911
2.361726433,39.68335911
2.362630139,39.69543328
2.362090199,39.69449413
2.332567924,39.69234459
2.341396089,39.69920175
2.341396089,39.69920175
2.341396089,39.69920175
2.341396089,39.69920175
2.341396089,39.69920175
2.329304401,39.75160873
2.329039183,39.75007402
2.299387975,39.73277814
2.343376528,39.73345567
2.343376528,39.73345567
2.393477523,39.71637367
2.437236824,39.71336369
2.418220685,39.70861285
2.418220685,39.70861285
2.385207363,39.70155725
2.341975623,39.69920841
2.325477848,39.69813206
2.324868446,39.69665922
2.324868446,39.69665922
2.356834905,39.70312239
2.323046432,39.70544738
2.330887405,39.69384151
2.41153576,39.69159993
2.417469792,39.69805137
2.416355719,39.69618916
2.489488317,39.70262359
2.489488317,39.70262359
2.490914914,39.71227766
2.486816869,39.72769779
2.484427004,39.73513472
2.484427004,39.73513472
2.330932488,39.70307314
2.379706397,39.71122541
2.377160843,39.70917118
2.385574436,39.70954172
2.336198895,39.6995178
2.334472874,39.6984362
2.246302398,39.68208723
2.255291954,39.68018907
2.254886957,39.67927367
2.246353313,39.67362627
2.245682604,39.67311447
2.245682604,39.67311447
2.245682604,39.67311447
2.072906042,39.64718221
2.028161113,39.64345655
2.02745451,39.64288633
1.934152792,39.64647779
1.922182924,39.6509789
2.00210052,39.64359778
2.023753276,39.64532619
2.018292887,39.64402023
2.016507639,39.64431716
2.016507639,39.64431716
2.016507639,39.64431716
2.016507639,39.64431716
2.016507639,39.64431716
1.842803408,39.63061412
1.842803408,39.63061412
1.842803408,39.63061412
1.842803408,39.63061412
1.805325428,39.61824658
1.805325428,39.61824658
1.805325428,39.61824658
1.912667498,39.6264575
1.944650261,39.63261539
1.944650261,39.63261539
1.944650261,39.63261539
1.944650261,39.63261539
1.995858459,39.64777862
1.995858459,39.64777862
1.995858459,39.64777862
2.108883548,39.65803534
2.109597232,39.65731668
2.109597232,39.65731668
2.109597232,39.65731668
2.109597232,39.65731668
2.109597232,39.65731668
2.109597232,39.65731668
2.094666803,39.64403363
2.108975229,39.64917424
2.108252509,39.64859101
2.098982666,39.6467021
2.109327804,39.64721406
2.109327804,39.64721406
2.109327804,39.64721406
2.109327804,39.64721406
2.109327804,39.64721406
2.109327804,39.64721406
2.109327804,39.64721406
2.109327804,39.64721406
2.109327804,39.64721406
2.109327804,39.64721406
2.109327804,39.64721406
2.004051361,39.64192715
2.012530685,39.64234004
2.019742225,39.64463971
2.019742225,39.64463971
1.977955776,39.64938004
1.977955776,39.64938004